url_path,views_total,views_unique
/khulnasoft-lab/vuln-list/blob/9ed65c70a276cbde33e81a2f9425ec6d1913decd/glad/maven/org.bouncycastle/bc-fips/CVE-2022-45146.json,7,1
/khulnasoft-lab/vuln-list/tree/9ed65c70a276cbde33e81a2f9425ec6d1913decd/glad/maven/org.bouncycastle/bc-fips,7,1
/khulnasoft-lab/vuln-list,3,3
/khulnasoft-lab/vuln-list/blob/9ed65c70a276cbde33e81a2f9425ec6d1913decd/glad/maven/org.bouncycastle/bc-fips/CVE-2020-26939.json,3,1
/khulnasoft-lab/vuln-list/blob/9ed65c70a276cbde33e81a2f9425ec6d1913decd/glad/maven/org.bouncycastle/bcpkix-jdk18on/CVE-2023-33202.json,3,1
/khulnasoft-lab/vuln-list/blob/9ed65c70a276cbde33e81a2f9425ec6d1913decd/nvd/2023/CVE-2023-0001.json,3,1
/khulnasoft-lab/vuln-list/tree/9ed65c70a276cbde33e81a2f9425ec6d1913decd/amazon,3,1
/khulnasoft-lab/vuln-list/tree/9ed65c70a276cbde33e81a2f9425ec6d1913decd/glad/maven/org.bouncycastle/bcpkix-jdk18on,3,1
/khulnasoft-lab/vuln-list/tree/9ed65c70a276cbde33e81a2f9425ec6d1913decd/nvd,3,1
/khulnasoft-lab/vuln-list/tree/9ed65c70a276cbde33e81a2f9425ec6d1913decd/nvd/2023,3,1
